method,avg_objective,avg_gap,avg_runtime,runs
AILS,108697.63533333334,-0.26820403147461636,50.689935596666665,1500
Vanilla,109041.856,0.06295910184944206,11.241225936666668,1500
SFC,109168.526,0.19911163176990923,11.430236327333333,1500
