comparison,metric,n_pairs,ails_mean,other_mean,mean_difference_ails_minus_other,p_value,alternative
AILS_vs_Vanilla,objective,1500,108697.63533333334,109041.856,-344.22066666666666,1.3986993196230533e-246,AILS < other
AILS_vs_Vanilla,gap,1500,-0.26820403147461636,0.06295910184944206,-0.33116313332405845,1.4931318977550076e-246,AILS < other
AILS_vs_SFC,objective,1500,108697.63533333334,109168.526,-470.8906666666667,7.526710356428761e-246,AILS < other
AILS_vs_SFC,gap,1500,-0.26820403147461636,0.19911163176990923,-0.46731566324452556,7.717404125026001e-246,AILS < other
